# Derived by scripture-chronology build; do not hand-edit.
# One row a maximal run of consecutive verses the corpus answers alike,
# in canonical vulgate numbering. guidance/scripture-chronology.md §13.
locus	verses	status	relations	subjects
Gen.1.1-31	31	research-pending		
Gen.2.1-25	25	research-pending		
Gen.3.1-24	24	research-pending		
Gen.4.1-26	26	research-pending		
Gen.5.1-31	31	research-pending		
Gen.6.1-22	22	research-pending		
Gen.7.1-24	24	research-pending		
Gen.8.1-22	22	research-pending		
Gen.9.1-29	29	research-pending		
Gen.10.1-32	32	research-pending		
Gen.11.1-32	32	research-pending		
Gen.12.1-20	20	research-pending		
Gen.13.1-18	18	research-pending		
Gen.14.1-24	24	research-pending		
Gen.15.1-21	21	research-pending		
Gen.16.1-16	16	research-pending		
Gen.17.1-27	27	research-pending		
Gen.18.1-33	33	research-pending		
Gen.19.1-38	38	research-pending		
Gen.20.1-18	18	research-pending		
Gen.21.1-34	34	research-pending		
Gen.22.1-24	24	research-pending		
Gen.23.1-20	20	research-pending		
Gen.24.1-67	67	research-pending		
Gen.25.1-34	34	research-pending		
Gen.26.1-35	35	research-pending		
Gen.27.1-46	46	research-pending		
Gen.28.1-22	22	research-pending		
Gen.29.1-35	35	research-pending		
Gen.30.1-43	43	research-pending		
Gen.31.1-55	55	research-pending		
Gen.32.1-32	32	research-pending		
Gen.33.1-20	20	research-pending		
Gen.34.1-31	31	research-pending		
Gen.35.1-29	29	research-pending		
Gen.36.1-43	43	research-pending		
Gen.37.1-36	36	research-pending		
Gen.38.1-30	30	research-pending		
Gen.39.1-23	23	research-pending		
Gen.40.1-23	23	research-pending		
Gen.41.1-57	57	research-pending		
Gen.42.1-38	38	research-pending		
Gen.43.1-34	34	research-pending		
Gen.44.1-34	34	research-pending		
Gen.45.1-28	28	research-pending		
Gen.46.1-34	34	research-pending		
Gen.47.1-31	31	research-pending		
Gen.48.1-22	22	research-pending		
Gen.49.1-32	32	research-pending		
Gen.50.1-25	25	research-pending		
Ex.1.1-22	22	research-pending		
Ex.2.1-25	25	research-pending		
Ex.3.1-22	22	research-pending		
Ex.4.1-31	31	research-pending		
Ex.5.1-23	23	research-pending		
Ex.6.1-30	30	research-pending		
Ex.7.1-25	25	research-pending		
Ex.8.1-32	32	research-pending		
Ex.9.1-35	35	research-pending		
Ex.10.1-29	29	research-pending		
Ex.11.1-10	10	research-pending		
Ex.12.1-51	51	research-pending		
Ex.13.1-22	22	research-pending		
Ex.14.1-31	31	research-pending		
Ex.15.1-27	27	research-pending		
Ex.16.1-36	36	research-pending		
Ex.17.1-16	16	research-pending		
Ex.18.1-27	27	research-pending		
Ex.19.1-25	25	research-pending		
Ex.20.1-26	26	research-pending		
Ex.21.1-36	36	research-pending		
Ex.22.1-31	31	research-pending		
Ex.23.1-33	33	research-pending		
Ex.24.1-18	18	research-pending		
Ex.25.1-40	40	research-pending		
Ex.26.1-37	37	research-pending		
Ex.27.1-21	21	research-pending		
Ex.28.1-43	43	research-pending		
Ex.29.1-46	46	research-pending		
Ex.30.1-38	38	research-pending		
Ex.31.1-18	18	research-pending		
Ex.32.1-35	35	research-pending		
Ex.33.1-23	23	research-pending		
Ex.34.1-35	35	research-pending		
Ex.35.1-35	35	research-pending		
Ex.36.1-38	38	research-pending		
Ex.37.1-29	29	research-pending		
Ex.38.1-31	31	research-pending		
Ex.39.1-43	43	research-pending		
Ex.40.1-36	36	research-pending		
Lev.1.1-17	17	research-pending		
Lev.2.1-16	16	research-pending		
Lev.3.1-17	17	research-pending		
Lev.4.1-35	35	research-pending		
Lev.5.1-19	19	research-pending		
Lev.6.1-30	30	research-pending		
Lev.7.1-38	38	research-pending		
Lev.8.1-36	36	research-pending		
Lev.9.1-24	24	research-pending		
Lev.10.1-20	20	research-pending		
Lev.11.1-47	47	research-pending		
Lev.12.1-8	8	research-pending		
Lev.13.1-59	59	research-pending		
Lev.14.1-57	57	research-pending		
Lev.15.1-33	33	research-pending		
Lev.16.1-34	34	research-pending		
Lev.17.1-16	16	research-pending		
Lev.18.1-30	30	research-pending		
Lev.19.1-37	37	research-pending		
Lev.20.1-27	27	research-pending		
Lev.21.1-24	24	research-pending		
Lev.22.1-33	33	research-pending		
Lev.23.1-44	44	research-pending		
Lev.24.1-23	23	research-pending		
Lev.25.1-55	55	research-pending		
Lev.26.1-45	45	research-pending		
Lev.27.1-34	34	research-pending		
Num.1.1-54	54	research-pending		
Num.2.1-34	34	research-pending		
Num.3.1-51	51	research-pending		
Num.4.1-49	49	research-pending		
Num.5.1-31	31	research-pending		
Num.6.1-27	27	research-pending		
Num.7.1-89	89	research-pending		
Num.8.1-26	26	research-pending		
Num.9.1-23	23	research-pending		
Num.10.1-36	36	research-pending		
Num.11.1-34	34	research-pending		
Num.12.1-15	15	research-pending		
Num.13.1-34	34	research-pending		
Num.14.1-45	45	research-pending		
Num.15.1-41	41	research-pending		
Num.16.1-50	50	research-pending		
Num.17.1-13	13	research-pending		
Num.18.1-32	32	research-pending		
Num.19.1-22	22	research-pending		
Num.20.1-30	30	research-pending		
Num.21.1-35	35	research-pending		
Num.22.1-41	41	research-pending		
Num.23.1-30	30	research-pending		
Num.24.1-25	25	research-pending		
Num.25.1-18	18	research-pending		
Num.26.1-65	65	research-pending		
Num.27.1-23	23	research-pending		
Num.28.1-31	31	research-pending		
Num.29.1-39	39	research-pending		
Num.30.1-17	17	research-pending		
Num.31.1-54	54	research-pending		
Num.32.1-42	42	research-pending		
Num.33.1-56	56	research-pending		
Num.34.1-29	29	research-pending		
Num.35.1-34	34	research-pending		
Num.36.1-13	13	research-pending		
Deut.1.1-46	46	research-pending		
Deut.2.1-37	37	research-pending		
Deut.3.1-29	29	research-pending		
Deut.4.1-49	49	research-pending		
Deut.5.1-33	33	research-pending		
Deut.6.1-25	25	research-pending		
Deut.7.1-26	26	research-pending		
Deut.8.1-20	20	research-pending		
Deut.9.1-29	29	research-pending		
Deut.10.1-22	22	research-pending		
Deut.11.1-32	32	research-pending		
Deut.12.1-32	32	research-pending		
Deut.13.1-18	18	research-pending		
Deut.14.1-29	29	research-pending		
Deut.15.1-23	23	research-pending		
Deut.16.1-22	22	research-pending		
Deut.17.1-20	20	research-pending		
Deut.18.1-22	22	research-pending		
Deut.19.1-21	21	research-pending		
Deut.20.1-20	20	research-pending		
Deut.21.1-23	23	research-pending		
Deut.22.1-30	30	research-pending		
Deut.23.1-25	25	research-pending		
Deut.24.1-22	22	research-pending		
Deut.25.1-19	19	research-pending		
Deut.26.1-19	19	research-pending		
Deut.27.1-26	26	research-pending		
Deut.28.1-68	68	research-pending		
Deut.29.1-29	29	research-pending		
Deut.30.1-20	20	research-pending		
Deut.31.1-30	30	research-pending		
Deut.32.1-52	52	research-pending		
Deut.33.1-29	29	research-pending		
Deut.34.1-12	12	research-pending		
Jos.1.1-18	18	research-pending		
Jos.2.1-24	24	research-pending		
Jos.3.1-17	17	research-pending		
Jos.4.1-25	25	research-pending		
Jos.5.1-16	16	research-pending		
Jos.6.1-27	27	research-pending		
Jos.7.1-26	26	research-pending		
Jos.8.1-35	35	research-pending		
Jos.9.1-27	27	research-pending		
Jos.10.1-43	43	research-pending		
Jos.11.1-23	23	research-pending		
Jos.12.1-24	24	research-pending		
Jos.13.1-33	33	research-pending		
Jos.14.1-15	15	research-pending		
Jos.15.1-63	63	research-pending		
Jos.16.1-10	10	research-pending		
Jos.17.1-18	18	research-pending		
Jos.18.1-28	28	research-pending		
Jos.19.1-51	51	research-pending		
Jos.20.1-9	9	research-pending		
Jos.21.1-43	43	research-pending		
Jos.22.1-34	34	research-pending		
Jos.23.1-16	16	research-pending		
Jos.24.1-33	33	research-pending		
Judg.1.1-36	36	research-pending		
Judg.2.1-23	23	research-pending		
Judg.3.1-31	31	research-pending		
Judg.4.1-24	24	research-pending		
Judg.5.1-32	32	research-pending		
Judg.6.1-40	40	research-pending		
Judg.7.1-25	25	research-pending		
Judg.8.1-35	35	research-pending		
Judg.9.1-57	57	research-pending		
Judg.10.1-18	18	research-pending		
Judg.11.1-40	40	research-pending		
Judg.12.1-15	15	research-pending		
Judg.13.1-25	25	research-pending		
Judg.14.1-20	20	research-pending		
Judg.15.1-20	20	research-pending		
Judg.16.1-31	31	research-pending		
Judg.17.1-13	13	research-pending		
Judg.18.1-31	31	research-pending		
Judg.19.1-30	30	research-pending		
Judg.20.1-48	48	research-pending		
Judg.21.1-24	24	research-pending		
Ruth.1.1-22	22	research-pending		
Ruth.2.1-23	23	research-pending		
Ruth.3.1-18	18	research-pending		
Ruth.4.1-22	22	research-pending		
1Kings.1.1-28	28	research-pending		
1Kings.2.1-36	36	research-pending		
1Kings.3.1-21	21	research-pending		
1Kings.4.1-22	22	research-pending		
1Kings.5.1-12	12	research-pending		
1Kings.6.1-21	21	research-pending		
1Kings.7.1-17	17	research-pending		
1Kings.8.1-22	22	research-pending		
1Kings.9.1-27	27	research-pending		
1Kings.10.1-27	27	research-pending		
1Kings.11.1-15	15	research-pending		
1Kings.12.1-25	25	research-pending		
1Kings.13.1-23	23	research-pending		
1Kings.14.1-52	52	research-pending		
1Kings.15.1-35	35	research-pending		
1Kings.16.1-23	23	research-pending		
1Kings.17.1-58	58	research-pending		
1Kings.18.1-30	30	research-pending		
1Kings.19.1-24	24	research-pending		
1Kings.20.1-43	43	research-pending		
1Kings.21.1-15	15	research-pending		
1Kings.22.1-23	23	research-pending		
1Kings.23.1-28	28	research-pending		
1Kings.24.1-23	23	research-pending		
1Kings.25.1-44	44	research-pending		
1Kings.26.1-25	25	research-pending		
1Kings.27.1-12	12	research-pending		
1Kings.28.1-25	25	research-pending		
1Kings.29.1-11	11	research-pending		
1Kings.30.1-31	31	research-pending		
1Kings.31.1-13	13	research-pending		
2Kings.1.1-27	27	research-pending		
2Kings.2.1-32	32	research-pending		
2Kings.3.1-39	39	research-pending		
2Kings.4.1-12	12	research-pending		
2Kings.5.1-25	25	research-pending		
2Kings.6.1-23	23	research-pending		
2Kings.7.1-29	29	research-pending		
2Kings.8.1-18	18	research-pending		
2Kings.9.1-13	13	research-pending		
2Kings.10.1-19	19	research-pending		
2Kings.11.1-27	27	research-pending		
2Kings.12.1-31	31	research-pending		
2Kings.13.1-39	39	research-pending		
2Kings.14.1-33	33	research-pending		
2Kings.15.1-37	37	research-pending		
2Kings.16.1-23	23	research-pending		
2Kings.17.1-29	29	research-pending		
2Kings.18.1-33	33	research-pending		
2Kings.19.1-43	43	research-pending		
2Kings.20.1-26	26	research-pending		
2Kings.21.1-22	22	research-pending		
2Kings.22.1-51	51	research-pending		
2Kings.23.1-39	39	research-pending		
2Kings.24.1-25	25	research-pending		
3Kings.1.1-53	53	research-pending		
3Kings.2.1-46	46	research-pending		
3Kings.3.1-28	28	research-pending		
3Kings.4.1-34	34	research-pending		
3Kings.5.1-18	18	research-pending		
3Kings.6.1-38	38	research-pending		
3Kings.7.1-51	51	research-pending		
3Kings.8.1-66	66	research-pending		
3Kings.9.1-28	28	research-pending		
3Kings.10.1-29	29	research-pending		
3Kings.11.1-43	43	research-pending		
3Kings.12.1-33	33	research-pending		
3Kings.13.1-34	34	research-pending		
3Kings.14.1-31	31	research-pending		
3Kings.15.1-34	34	research-pending		
3Kings.16.1-34	34	research-pending		
3Kings.17.1-24	24	research-pending		
3Kings.18.1-46	46	research-pending		
3Kings.19.1-21	21	research-pending		
3Kings.20.1-43	43	research-pending		
3Kings.21.1-29	29	research-pending		
3Kings.22.1-54	54	research-pending		
4Kings.1.1-18	18	research-pending		
4Kings.2.1-25	25	research-pending		
4Kings.3.1-27	27	research-pending		
4Kings.4.1-44	44	research-pending		
4Kings.5.1-27	27	research-pending		
4Kings.6.1-33	33	research-pending		
4Kings.7.1-20	20	research-pending		
4Kings.8.1-29	29	research-pending		
4Kings.9.1-37	37	research-pending		
4Kings.10.1-36	36	research-pending		
4Kings.11.1-21	21	research-pending		
4Kings.12.1-21	21	research-pending		
4Kings.13.1-25	25	research-pending		
4Kings.14.1-29	29	research-pending		
4Kings.15.1-38	38	research-pending		
4Kings.16.1-20	20	research-pending		
4Kings.17.1-41	41	research-pending		
4Kings.18.1-37	37	research-pending		
4Kings.19.1-37	37	research-pending		
4Kings.20.1-21	21	research-pending		
4Kings.21.1-26	26	research-pending		
4Kings.22.1-20	20	research-pending		
4Kings.23.1-37	37	research-pending		
4Kings.24.1-20	20	research-pending		
4Kings.25.1-30	30	research-pending		
1Par.1.1-54	54	research-pending		
1Par.2.1-55	55	research-pending		
1Par.3.1-24	24	research-pending		
1Par.4.1-43	43	research-pending		
1Par.5.1-26	26	research-pending		
1Par.6.1-81	81	research-pending		
1Par.7.1-40	40	research-pending		
1Par.8.1-40	40	research-pending		
1Par.9.1-44	44	research-pending		
1Par.10.1-14	14	research-pending		
1Par.11.1-46	46	research-pending		
1Par.12.1-40	40	research-pending		
1Par.13.1-14	14	research-pending		
1Par.14.1-17	17	research-pending		
1Par.15.1-29	29	research-pending		
1Par.16.1-43	43	research-pending		
1Par.17.1-27	27	research-pending		
1Par.18.1-17	17	research-pending		
1Par.19.1-19	19	research-pending		
1Par.20.1-7	7	research-pending		
1Par.21.1-30	30	research-pending		
1Par.22.1-19	19	research-pending		
1Par.23.1-32	32	research-pending		
1Par.24.1-31	31	research-pending		
1Par.25.1-31	31	research-pending		
1Par.26.1-32	32	research-pending		
1Par.27.1-34	34	research-pending		
1Par.28.1-21	21	research-pending		
1Par.29.1-30	30	research-pending		
2Par.1.1-17	17	research-pending		
2Par.2.1-18	18	research-pending		
2Par.3.1-17	17	research-pending		
2Par.4.1-22	22	research-pending		
2Par.5.1-14	14	research-pending		
2Par.6.1-42	42	research-pending		
2Par.7.1-22	22	research-pending		
2Par.8.1-18	18	research-pending		
2Par.9.1-31	31	research-pending		
2Par.10.1-19	19	research-pending		
2Par.11.1-23	23	research-pending		
2Par.12.1-16	16	research-pending		
2Par.13.1-22	22	research-pending		
2Par.14.1-15	15	research-pending		
2Par.15.1-19	19	research-pending		
2Par.16.1-14	14	research-pending		
2Par.17.1-19	19	research-pending		
2Par.18.1-34	34	research-pending		
2Par.19.1-11	11	research-pending		
2Par.20.1-37	37	research-pending		
2Par.21.1-20	20	research-pending		
2Par.22.1-12	12	research-pending		
2Par.23.1-21	21	research-pending		
2Par.24.1-27	27	research-pending		
2Par.25.1-28	28	research-pending		
2Par.26.1-23	23	research-pending		
2Par.27.1-9	9	research-pending		
2Par.28.1-27	27	research-pending		
2Par.29.1-36	36	research-pending		
2Par.30.1-27	27	research-pending		
2Par.31.1-21	21	research-pending		
2Par.32.1-33	33	research-pending		
2Par.33.1-25	25	research-pending		
2Par.34.1-33	33	research-pending		
2Par.35.1-27	27	research-pending		
2Par.36.1-23	23	research-pending		
1Esd.1.1-11	11	research-pending		
1Esd.2.1-70	70	research-pending		
1Esd.3.1-13	13	research-pending		
1Esd.4.1-24	24	research-pending		
1Esd.5.1-17	17	research-pending		
1Esd.6.1-22	22	research-pending		
1Esd.7.1-28	28	research-pending		
1Esd.8.1-36	36	research-pending		
1Esd.9.1-15	15	research-pending		
1Esd.10.1-44	44	research-pending		
2Esd.1.1-11	11	research-pending		
2Esd.2.1-20	20	research-pending		
2Esd.3.1-31	31	research-pending		
2Esd.4.1-23	23	research-pending		
2Esd.5.1-19	19	research-pending		
2Esd.6.1-19	19	research-pending		
2Esd.7.1-73	73	research-pending		
2Esd.8.1-18	18	research-pending		
2Esd.9.1-38	38	research-pending		
2Esd.10.1-39	39	research-pending		
2Esd.11.1-36	36	research-pending		
2Esd.12.1-46	46	research-pending		
2Esd.13.1-31	31	research-pending		
Tob.1.1-25	25	research-pending		
Tob.2.1-23	23	research-pending		
Tob.3.1-25	25	research-pending		
Tob.4.1-23	23	research-pending		
Tob.5.1-28	28	research-pending		
Tob.6.1-22	22	research-pending		
Tob.7.1-20	20	research-pending		
Tob.8.1-24	24	research-pending		
Tob.9.1-12	12	research-pending		
Tob.10.1-13	13	research-pending		
Tob.11.1-21	21	research-pending		
Tob.12.1-22	22	research-pending		
Tob.13.1-23	23	research-pending		
Tob.14.1-17	17	research-pending		
Jdt.1.1-12	12	research-pending		
Jdt.2.1-18	18	research-pending		
Jdt.3.1-15	15	research-pending		
Jdt.4.1-17	17	research-pending		
Jdt.5.1-29	29	research-pending		
Jdt.6.1-21	21	research-pending		
Jdt.7.1-25	25	research-pending		
Jdt.8.1-34	34	research-pending		
Jdt.9.1-19	19	research-pending		
Jdt.10.1-20	20	research-pending		
Jdt.11.1-21	21	research-pending		
Jdt.12.1-20	20	research-pending		
Jdt.13.1-31	31	research-pending		
Jdt.14.1-18	18	research-pending		
Jdt.15.1-15	15	research-pending		
Jdt.16.1-31	31	research-pending		
Esth.1.1-22	22	research-pending		
Esth.2.1-23	23	research-pending		
Esth.3.1-15	15	research-pending		
Esth.4.1-17	17	research-pending		
Esth.5.1-14	14	research-pending		
Esth.6.1-14	14	research-pending		
Esth.7.1-10	10	research-pending		
Esth.8.1-17	17	research-pending		
Esth.9.1-32	32	research-pending		
Esth.10.1-13	13	research-pending		
Esth.11.1-12	12	research-pending		
Esth.12.1-6	6	research-pending		
Esth.13.1-18	18	research-pending		
Esth.14.1-19	19	research-pending		
Esth.15.1-19	19	research-pending		
Esth.16.1-24	24	research-pending		
Job.1.1-22	22	research-pending		
Job.2.1-13	13	research-pending		
Job.3.1-26	26	research-pending		
Job.4.1-21	21	research-pending		
Job.5.1-27	27	research-pending		
Job.6.1-30	30	research-pending		
Job.7.1-21	21	research-pending		
Job.8.1-22	22	research-pending		
Job.9.1-35	35	research-pending		
Job.10.1-22	22	research-pending		
Job.11.1-20	20	research-pending		
Job.12.1-25	25	research-pending		
Job.13.1-28	28	research-pending		
Job.14.1-22	22	research-pending		
Job.15.1-35	35	research-pending		
Job.16.1-23	23	research-pending		
Job.17.1-16	16	research-pending		
Job.18.1-21	21	research-pending		
Job.19.1-29	29	research-pending		
Job.20.1-29	29	research-pending		
Job.21.1-34	34	research-pending		
Job.22.1-30	30	research-pending		
Job.23.1-17	17	research-pending		
Job.24.1-25	25	research-pending		
Job.25.1-6	6	research-pending		
Job.26.1-14	14	research-pending		
Job.27.1-23	23	research-pending		
Job.28.1-28	28	research-pending		
Job.29.1-25	25	research-pending		
Job.30.1-31	31	research-pending		
Job.31.1-40	40	research-pending		
Job.32.1-22	22	research-pending		
Job.33.1-33	33	research-pending		
Job.34.1-37	37	research-pending		
Job.35.1-16	16	research-pending		
Job.36.1-33	33	research-pending		
Job.37.1-24	24	research-pending		
Job.38.1-41	41	research-pending		
Job.39.1-35	35	research-pending		
Job.40.1-28	28	research-pending		
Job.41.1-25	25	research-pending		
Job.42.1-16	16	research-pending		
Ps.1.1-6	6	research-pending		
Ps.2.1-13	13	research-pending		
Ps.3.1-9	9	research-pending		
Ps.4.1-10	10	research-pending		
Ps.5.1-13	13	research-pending		
Ps.6.1-11	11	research-pending		
Ps.7.1-18	18	research-pending		
Ps.8.1-10	10	research-pending		
Ps.9.1-39	39	research-pending		
Ps.10.1-8	8	research-pending		
Ps.11.1-9	9	research-pending		
Ps.12.1-6	6	research-pending		
Ps.13.1-7	7	research-pending		
Ps.14.1-5	5	research-pending		
Ps.15.1-10	10	research-pending		
Ps.16.1-15	15	research-pending		
Ps.17.1-51	51	research-pending		
Ps.18.1-15	15	research-pending		
Ps.19.1-10	10	research-pending		
Ps.20.1-14	14	research-pending		
Ps.21.1-32	32	research-pending		
Ps.22.1-6	6	research-pending		
Ps.23.1-10	10	research-pending		
Ps.24.1-22	22	research-pending		
Ps.25.1-12	12	research-pending		
Ps.26.1-14	14	research-pending		
Ps.27.1-9	9	research-pending		
Ps.28.1-11	11	research-pending		
Ps.29.1-13	13	research-pending		
Ps.30.1-25	25	research-pending		
Ps.31.1-11	11	research-pending		
Ps.32.1-22	22	research-pending		
Ps.33.1-23	23	research-pending		
Ps.34.1-28	28	research-pending		
Ps.35.1-13	13	research-pending		
Ps.36.1-40	40	research-pending		
Ps.37.1-23	23	research-pending		
Ps.38.1-14	14	research-pending		
Ps.39.1-18	18	research-pending		
Ps.40.1-14	14	research-pending		
Ps.41.1-12	12	research-pending		
Ps.42.1-5	5	research-pending		
Ps.43.1-26	26	research-pending		
Ps.44.1-18	18	research-pending		
Ps.45.1-12	12	research-pending		
Ps.46.1-10	10	research-pending		
Ps.47.1-15	15	research-pending		
Ps.48.1-21	21	research-pending		
Ps.49.1-23	23	research-pending		
Ps.50.1-21	21	research-pending		
Ps.51.1-11	11	research-pending		
Ps.52.1-7	7	research-pending		
Ps.53.1-9	9	research-pending		
Ps.54.1-24	24	research-pending		
Ps.55.1-13	13	research-pending		
Ps.56.1-12	12	research-pending		
Ps.57.1-12	12	research-pending		
Ps.58.1-18	18	research-pending		
Ps.59.1-14	14	research-pending		
Ps.60.1-9	9	research-pending		
Ps.61.1-13	13	research-pending		
Ps.62.1-12	12	research-pending		
Ps.63.1-11	11	research-pending		
Ps.64.1-14	14	research-pending		
Ps.65.1-20	20	research-pending		
Ps.66.1-8	8	research-pending		
Ps.67.1-36	36	research-pending		
Ps.68.1-37	37	research-pending		
Ps.69.1-6	6	research-pending		
Ps.70.1-24	24	research-pending		
Ps.71.1-20	20	research-pending		
Ps.72.1-28	28	research-pending		
Ps.73.1-23	23	research-pending		
Ps.74.1-11	11	research-pending		
Ps.75.1-13	13	research-pending		
Ps.76.1-21	21	research-pending		
Ps.77.1-72	72	research-pending		
Ps.78.1-13	13	research-pending		
Ps.79.1-20	20	research-pending		
Ps.80.1-17	17	research-pending		
Ps.81.1-8	8	research-pending		
Ps.82.1-19	19	research-pending		
Ps.83.1-13	13	research-pending		
Ps.84.1-14	14	research-pending		
Ps.85.1-17	17	research-pending		
Ps.86.1-7	7	research-pending		
Ps.87.1-19	19	research-pending		
Ps.88.1-53	53	research-pending		
Ps.89.1-17	17	research-pending		
Ps.90.1-16	16	research-pending		
Ps.91.1-16	16	research-pending		
Ps.92.1-5	5	research-pending		
Ps.93.1-23	23	research-pending		
Ps.94.1-11	11	research-pending		
Ps.95.1-13	13	research-pending		
Ps.96.1-12	12	research-pending		
Ps.97.1-9	9	research-pending		
Ps.98.1-9	9	research-pending		
Ps.99.1-5	5	research-pending		
Ps.100.1-8	8	research-pending		
Ps.101.1-29	29	research-pending		
Ps.102.1-22	22	research-pending		
Ps.103.1-35	35	research-pending		
Ps.104.1-45	45	research-pending		
Ps.105.1-48	48	research-pending		
Ps.106.1-43	43	research-pending		
Ps.107.1-14	14	research-pending		
Ps.108.1-31	31	research-pending		
Ps.109.1-7	7	research-pending		
Ps.110.1-10	10	research-pending		
Ps.111.1-10	10	research-pending		
Ps.112.1-9	9	research-pending		
Ps.113.1-26	26	research-pending		
Ps.114.1-9	9	research-pending		
Ps.115.1-10	10	research-pending		
Ps.116.1-2	2	research-pending		
Ps.117.1-29	29	research-pending		
Ps.118.1-176	176	research-pending		
Ps.119.1-7	7	research-pending		
Ps.120.1-8	8	research-pending		
Ps.121.1-9	9	research-pending		
Ps.122.1-4	4	research-pending		
Ps.123.1-8	8	research-pending		
Ps.124.1-5	5	research-pending		
Ps.125.1-6	6	research-pending		
Ps.126.1-5	5	research-pending		
Ps.127.1-6	6	research-pending		
Ps.128.1-8	8	research-pending		
Ps.129.1-8	8	research-pending		
Ps.130.1-3	3	research-pending		
Ps.131.1-18	18	research-pending		
Ps.132.1-3	3	research-pending		
Ps.133.1-3	3	research-pending		
Ps.134.1-21	21	research-pending		
Ps.135.1-26	26	research-pending		
Ps.136.1-9	9	research-pending		
Ps.137.1-8	8	research-pending		
Ps.138.1-24	24	research-pending		
Ps.139.1-14	14	research-pending		
Ps.140.1-10	10	research-pending		
Ps.141.1-8	8	research-pending		
Ps.142.1-12	12	research-pending		
Ps.143.1-15	15	research-pending		
Ps.144.1-21	21	research-pending		
Ps.145.1-10	10	research-pending		
Ps.146.1-11	11	research-pending		
Ps.147.1-9	9	research-pending		
Ps.148.1-14	14	research-pending		
Ps.149.1-9	9	research-pending		
Ps.150.1-6	6	research-pending		
Prov.1.1-33	33	research-pending		
Prov.2.1-22	22	research-pending		
Prov.3.1-35	35	research-pending		
Prov.4.1-27	27	research-pending		
Prov.5.1-23	23	research-pending		
Prov.6.1-35	35	research-pending		
Prov.7.1-27	27	research-pending		
Prov.8.1-36	36	research-pending		
Prov.9.1-18	18	research-pending		
Prov.10.1-32	32	research-pending		
Prov.11.1-31	31	research-pending		
Prov.12.1-28	28	research-pending		
Prov.13.1-25	25	research-pending		
Prov.14.1-35	35	research-pending		
Prov.15.1-33	33	research-pending		
Prov.16.1-33	33	research-pending		
Prov.17.1-28	28	research-pending		
Prov.18.1-24	24	research-pending		
Prov.19.1-29	29	research-pending		
Prov.20.1-30	30	research-pending		
Prov.21.1-31	31	research-pending		
Prov.22.1-29	29	research-pending		
Prov.23.1-35	35	research-pending		
Prov.24.1-34	34	research-pending		
Prov.25.1-28	28	research-pending		
Prov.26.1-28	28	research-pending		
Prov.27.1-27	27	research-pending		
Prov.28.1-28	28	research-pending		
Prov.29.1-27	27	research-pending		
Prov.30.1-33	33	research-pending		
Prov.31.1-31	31	research-pending		
Eccles.1.1-18	18	research-pending		
Eccles.2.1-26	26	research-pending		
Eccles.3.1-22	22	research-pending		
Eccles.4.1-17	17	research-pending		
Eccles.5.1-19	19	research-pending		
Eccles.6.1-11	11	research-pending		
Eccles.7.1-30	30	research-pending		
Eccles.8.1-17	17	research-pending		
Eccles.9.1-18	18	research-pending		
Eccles.10.1-20	20	research-pending		
Eccles.11.1-10	10	research-pending		
Eccles.12.1-14	14	research-pending		
Cant.1.1-16	16	research-pending		
Cant.2.1-17	17	research-pending		
Cant.3.1-11	11	research-pending		
Cant.4.1-16	16	research-pending		
Cant.5.1-17	17	research-pending		
Cant.6.1-12	12	research-pending		
Cant.7.1-13	13	research-pending		
Cant.8.1-14	14	research-pending		
Wis.1.1-16	16	research-pending		
Wis.2.1-25	25	research-pending		
Wis.3.1-19	19	research-pending		
Wis.4.1-20	20	research-pending		
Wis.5.1-24	24	research-pending		
Wis.6.1-27	27	research-pending		
Wis.7.1-30	30	research-pending		
Wis.8.1-21	21	research-pending		
Wis.9.1-19	19	research-pending		
Wis.10.1-21	21	research-pending		
Wis.11.1-27	27	research-pending		
Wis.12.1-27	27	research-pending		
Wis.13.1-19	19	research-pending		
Wis.14.1-31	31	research-pending		
Wis.15.1-19	19	research-pending		
Wis.16.1-29	29	research-pending		
Wis.17.1-20	20	research-pending		
Wis.18.1-25	25	research-pending		
Wis.19.1-20	20	research-pending		
Ecclus.1.1-40	40	research-pending		
Ecclus.2.1-23	23	research-pending		
Ecclus.3.1-34	34	research-pending		
Ecclus.4.1-36	36	research-pending		
Ecclus.5.1-18	18	research-pending		
Ecclus.6.1-37	37	research-pending		
Ecclus.7.1-40	40	research-pending		
Ecclus.8.1-22	22	research-pending		
Ecclus.9.1-25	25	research-pending		
Ecclus.10.1-34	34	research-pending		
Ecclus.11.1-36	36	research-pending		
Ecclus.12.1-19	19	research-pending		
Ecclus.13.1-32	32	research-pending		
Ecclus.14.1-27	27	research-pending		
Ecclus.15.1-22	22	research-pending		
Ecclus.16.1-31	31	research-pending		
Ecclus.17.1-31	31	research-pending		
Ecclus.18.1-33	33	research-pending		
Ecclus.19.1-28	28	research-pending		
Ecclus.20.1-33	33	research-pending		
Ecclus.21.1-31	31	research-pending		
Ecclus.22.1-33	33	research-pending		
Ecclus.23.1-38	38	research-pending		
Ecclus.24.1-47	47	research-pending		
Ecclus.25.1-36	36	research-pending		
Ecclus.26.1-28	28	research-pending		
Ecclus.27.1-33	33	research-pending		
Ecclus.28.1-30	30	research-pending		
Ecclus.29.1-35	35	research-pending		
Ecclus.30.1-27	27	research-pending		
Ecclus.31.1-42	42	research-pending		
Ecclus.32.1-28	28	research-pending		
Ecclus.33.1-33	33	research-pending		
Ecclus.34.1-31	31	research-pending		
Ecclus.35.1-26	26	research-pending		
Ecclus.36.1-28	28	research-pending		
Ecclus.37.1-34	34	research-pending		
Ecclus.38.1-39	39	research-pending		
Ecclus.39.1-41	41	research-pending		
Ecclus.40.1-32	32	research-pending		
Ecclus.41.1-28	28	research-pending		
Ecclus.42.1-26	26	research-pending		
Ecclus.43.1-37	37	research-pending		
Ecclus.44.1-27	27	research-pending		
Ecclus.45.1-31	31	research-pending		
Ecclus.46.1-23	23	research-pending		
Ecclus.47.1-31	31	research-pending		
Ecclus.48.1-28	28	research-pending		
Ecclus.49.1-19	19	research-pending		
Ecclus.50.1-31	31	research-pending		
Ecclus.51.1-38	38	research-pending		
Is.1.1-31	31	research-pending		
Is.2.1-22	22	research-pending		
Is.3.1-26	26	research-pending		
Is.4.1-6	6	research-pending		
Is.5.1-30	30	research-pending		
Is.6.1-13	13	research-pending		
Is.7.1-25	25	research-pending		
Is.8.1-22	22	research-pending		
Is.9.1-21	21	research-pending		
Is.10.1-34	34	research-pending		
Is.11.1-16	16	research-pending		
Is.12.1-6	6	research-pending		
Is.13.1-22	22	research-pending		
Is.14.1-32	32	research-pending		
Is.15.1-9	9	research-pending		
Is.16.1-14	14	research-pending		
Is.17.1-14	14	research-pending		
Is.18.1-7	7	research-pending		
Is.19.1-25	25	research-pending		
Is.20.1-6	6	research-pending		
Is.21.1-17	17	research-pending		
Is.22.1-25	25	research-pending		
Is.23.1-18	18	research-pending		
Is.24.1-23	23	research-pending		
Is.25.1-12	12	research-pending		
Is.26.1-21	21	research-pending		
Is.27.1-13	13	research-pending		
Is.28.1-29	29	research-pending		
Is.29.1-24	24	research-pending		
Is.30.1-33	33	research-pending		
Is.31.1-9	9	research-pending		
Is.32.1-20	20	research-pending		
Is.33.1-24	24	research-pending		
Is.34.1-17	17	research-pending		
Is.35.1-10	10	research-pending		
Is.36.1-22	22	research-pending		
Is.37.1-38	38	research-pending		
Is.38.1-22	22	research-pending		
Is.39.1-8	8	research-pending		
Is.40.1-31	31	research-pending		
Is.41.1-29	29	research-pending		
Is.42.1-25	25	research-pending		
Is.43.1-28	28	research-pending		
Is.44.1-28	28	research-pending		
Is.45.1-25	25	research-pending		
Is.46.1-13	13	research-pending		
Is.47.1-15	15	research-pending		
Is.48.1-22	22	research-pending		
Is.49.1-26	26	research-pending		
Is.50.1-11	11	research-pending		
Is.51.1-23	23	research-pending		
Is.52.1-15	15	research-pending		
Is.53.1-12	12	research-pending		
Is.54.1-17	17	research-pending		
Is.55.1-13	13	research-pending		
Is.56.1-12	12	research-pending		
Is.57.1-21	21	research-pending		
Is.58.1-14	14	research-pending		
Is.59.1-21	21	research-pending		
Is.60.1-22	22	research-pending		
Is.61.1-11	11	research-pending		
Is.62.1-12	12	research-pending		
Is.63.1-19	19	research-pending		
Is.64.1-12	12	research-pending		
Is.65.1-25	25	research-pending		
Is.66.1-24	24	research-pending		
Jer.1.1-19	19	research-pending		
Jer.2.1-37	37	research-pending		
Jer.3.1-25	25	research-pending		
Jer.4.1-31	31	research-pending		
Jer.5.1-31	31	research-pending		
Jer.6.1-30	30	research-pending		
Jer.7.1-34	34	research-pending		
Jer.8.1-22	22	research-pending		
Jer.9.1-26	26	research-pending		
Jer.10.1-25	25	research-pending		
Jer.11.1-23	23	research-pending		
Jer.12.1-17	17	research-pending		
Jer.13.1-27	27	research-pending		
Jer.14.1-22	22	research-pending		
Jer.15.1-21	21	research-pending		
Jer.16.1-21	21	research-pending		
Jer.17.1-27	27	research-pending		
Jer.18.1-23	23	research-pending		
Jer.19.1-15	15	research-pending		
Jer.20.1-18	18	research-pending		
Jer.21.1-14	14	research-pending		
Jer.22.1-30	30	research-pending		
Jer.23.1-40	40	research-pending		
Jer.24.1-10	10	research-pending		
Jer.25.1-38	38	research-pending		
Jer.26.1-24	24	research-pending		
Jer.27.1-22	22	research-pending		
Jer.28.1-17	17	research-pending		
Jer.29.1-32	32	research-pending		
Jer.30.1-24	24	research-pending		
Jer.31.1-40	40	research-pending		
Jer.32.1-44	44	research-pending		
Jer.33.1-26	26	research-pending		
Jer.34.1-22	22	research-pending		
Jer.35.1-19	19	research-pending		
Jer.36.1-32	32	research-pending		
Jer.37.1-20	20	research-pending		
Jer.38.1-28	28	research-pending		
Jer.39.1-18	18	research-pending		
Jer.40.1-16	16	research-pending		
Jer.41.1-18	18	research-pending		
Jer.42.1-22	22	research-pending		
Jer.43.1-13	13	research-pending		
Jer.44.1-30	30	research-pending		
Jer.45.1-5	5	research-pending		
Jer.46.1-28	28	research-pending		
Jer.47.1-7	7	research-pending		
Jer.48.1-47	47	research-pending		
Jer.49.1-39	39	research-pending		
Jer.50.1-46	46	research-pending		
Jer.51.1-64	64	research-pending		
Jer.52.1-34	34	research-pending		
Lam.1.1-22	22	research-pending		
Lam.2.1-22	22	research-pending		
Lam.3.1-66	66	research-pending		
Lam.4.1-22	22	research-pending		
Lam.5.1-22	22	research-pending		
Bar.1.1-22	22	research-pending		
Bar.2.1-35	35	research-pending		
Bar.3.1-38	38	research-pending		
Bar.4.1-37	37	research-pending		
Bar.5.1-9	9	research-pending		
Bar.6.1-72	72	research-pending		
Ezech.1.1-28	28	research-pending		
Ezech.2.1-9	9	research-pending		
Ezech.3.1-27	27	research-pending		
Ezech.4.1-17	17	research-pending		
Ezech.5.1-17	17	research-pending		
Ezech.6.1-14	14	research-pending		
Ezech.7.1-27	27	research-pending		
Ezech.8.1-18	18	research-pending		
Ezech.9.1-11	11	research-pending		
Ezech.10.1-22	22	research-pending		
Ezech.11.1-25	25	research-pending		
Ezech.12.1-28	28	research-pending		
Ezech.13.1-23	23	research-pending		
Ezech.14.1-23	23	research-pending		
Ezech.15.1-8	8	research-pending		
Ezech.16.1-63	63	research-pending		
Ezech.17.1-24	24	research-pending		
Ezech.18.1-32	32	research-pending		
Ezech.19.1-14	14	research-pending		
Ezech.20.1-49	49	research-pending		
Ezech.21.1-32	32	research-pending		
Ezech.22.1-31	31	research-pending		
Ezech.23.1-49	49	research-pending		
Ezech.24.1-27	27	research-pending		
Ezech.25.1-17	17	research-pending		
Ezech.26.1-21	21	research-pending		
Ezech.27.1-36	36	research-pending		
Ezech.28.1-26	26	research-pending		
Ezech.29.1-21	21	research-pending		
Ezech.30.1-26	26	research-pending		
Ezech.31.1-18	18	research-pending		
Ezech.32.1-32	32	research-pending		
Ezech.33.1-33	33	research-pending		
Ezech.34.1-31	31	research-pending		
Ezech.35.1-15	15	research-pending		
Ezech.36.1-38	38	research-pending		
Ezech.37.1-28	28	research-pending		
Ezech.38.1-23	23	research-pending		
Ezech.39.1-29	29	research-pending		
Ezech.40.1-49	49	research-pending		
Ezech.41.1-26	26	research-pending		
Ezech.42.1-20	20	research-pending		
Ezech.43.1-27	27	research-pending		
Ezech.44.1-31	31	research-pending		
Ezech.45.1-25	25	research-pending		
Ezech.46.1-24	24	research-pending		
Ezech.47.1-23	23	research-pending		
Ezech.48.1-35	35	research-pending		
Dan.1.1-21	21	research-pending		
Dan.2.1-49	49	research-pending		
Dan.3.1-100	100	research-pending		
Dan.4.1-34	34	research-pending		
Dan.5.1-31	31	research-pending		
Dan.6.1-28	28	research-pending		
Dan.7.1-28	28	research-pending		
Dan.8.1-27	27	research-pending		
Dan.9.1-27	27	research-pending		
Dan.10.1-21	21	research-pending		
Dan.11.1-45	45	research-pending		
Dan.12.1-13	13	research-pending		
Dan.13.1-65	65	research-pending		
Dan.14.1-42	42	research-pending		
Os.1.1-11	11	research-pending		
Os.2.1-24	24	research-pending		
Os.3.1-5	5	research-pending		
Os.4.1-19	19	research-pending		
Os.5.1-15	15	research-pending		
Os.6.1-11	11	research-pending		
Os.7.1-16	16	research-pending		
Os.8.1-14	14	research-pending		
Os.9.1-17	17	research-pending		
Os.10.1-15	15	research-pending		
Os.11.1-12	12	research-pending		
Os.12.1-14	14	research-pending		
Os.13.1-15	15	research-pending		
Os.14.1-10	10	research-pending		
Joel.1.1-20	20	research-pending		
Joel.2.1-32	32	research-pending		
Joel.3.1-21	21	research-pending		
Amos.1.1-15	15	research-pending		
Amos.2.1-16	16	research-pending		
Amos.3.1-15	15	research-pending		
Amos.4.1-13	13	research-pending		
Amos.5.1-27	27	research-pending		
Amos.6.1-15	15	research-pending		
Amos.7.1-17	17	research-pending		
Amos.8.1-14	14	research-pending		
Amos.9.1-15	15	research-pending		
Abd.1.1-21	21	research-pending		
Jon.1.1-16	16	research-pending		
Jon.2.1-11	11	research-pending		
Jon.3.1-10	10	research-pending		
Jon.4.1-11	11	research-pending		
Mich.1.1-16	16	research-pending		
Mich.2.1-13	13	research-pending		
Mich.3.1-12	12	research-pending		
Mich.4.1-13	13	research-pending		
Mich.5.1-14	14	research-pending		
Mich.6.1-16	16	research-pending		
Mich.7.1-20	20	research-pending		
Nah.1.1-15	15	research-pending		
Nah.2.1-13	13	research-pending		
Nah.3.1-19	19	research-pending		
Hab.1.1-17	17	research-pending		
Hab.2.1-20	20	research-pending		
Hab.3.1-19	19	research-pending		
Soph.1.1-18	18	research-pending		
Soph.2.1-15	15	research-pending		
Soph.3.1-20	20	research-pending		
Agg.1.1-14	14	research-pending		
Agg.2.1-24	24	research-pending		
Zach.1.1-21	21	research-pending		
Zach.2.1-13	13	research-pending		
Zach.3.1-10	10	research-pending		
Zach.4.1-14	14	research-pending		
Zach.5.1-11	11	research-pending		
Zach.6.1-15	15	research-pending		
Zach.7.1-14	14	research-pending		
Zach.8.1-23	23	research-pending		
Zach.9.1-17	17	research-pending		
Zach.10.1-12	12	research-pending		
Zach.11.1-17	17	research-pending		
Zach.12.1-14	14	research-pending		
Zach.13.1-9	9	research-pending		
Zach.14.1-21	21	research-pending		
Mal.1.1-14	14	research-pending		
Mal.2.1-17	17	research-pending		
Mal.3.1-18	18	research-pending		
Mal.4.1-6	6	research-pending		
1Mach.1.1-67	67	research-pending		
1Mach.2.1-70	70	research-pending		
1Mach.3.1-60	60	research-pending		
1Mach.4.1-61	61	research-pending		
1Mach.5.1-68	68	research-pending		
1Mach.6.1-63	63	research-pending		
1Mach.7.1-50	50	research-pending		
1Mach.8.1-32	32	research-pending		
1Mach.9.1-73	73	research-pending		
1Mach.10.1-89	89	research-pending		
1Mach.11.1-74	74	research-pending		
1Mach.12.1-54	54	research-pending		
1Mach.13.1-54	54	research-pending		
1Mach.14.1-49	49	research-pending		
1Mach.15.1-41	41	research-pending		
1Mach.16.1-24	24	research-pending		
2Mach.1.1-36	36	research-pending		
2Mach.2.1-33	33	research-pending		
2Mach.3.1-40	40	research-pending		
2Mach.4.1-50	50	research-pending		
2Mach.5.1-27	27	research-pending		
2Mach.6.1-31	31	research-pending		
2Mach.7.1-42	42	research-pending		
2Mach.8.1-36	36	research-pending		
2Mach.9.1-29	29	research-pending		
2Mach.10.1-38	38	research-pending		
2Mach.11.1-38	38	research-pending		
2Mach.12.1-46	46	research-pending		
2Mach.13.1-26	26	research-pending		
2Mach.14.1-46	46	research-pending		
2Mach.15.1-40	40	research-pending		
Matt.1.1-25	25	research-pending		
Matt.2.1-23	23	research-pending		
Matt.3.1-17	17	research-pending		
Matt.4.1-25	25	research-pending		
Matt.5.1-48	48	research-pending		
Matt.6.1-34	34	research-pending		
Matt.7.1-29	29	research-pending		
Matt.8.1-34	34	research-pending		
Matt.9.1-38	38	research-pending		
Matt.10.1-42	42	research-pending		
Matt.11.1-30	30	research-pending		
Matt.12.1-50	50	research-pending		
Matt.13.1-58	58	research-pending		
Matt.14.1-36	36	research-pending		
Matt.15.1-39	39	research-pending		
Matt.16.1-28	28	research-pending		
Matt.17.1-26	26	research-pending		
Matt.18.1-35	35	research-pending		
Matt.19.1-30	30	research-pending		
Matt.20.1-34	34	research-pending		
Matt.21.1-46	46	research-pending		
Matt.22.1-46	46	research-pending		
Matt.23.1-39	39	research-pending		
Matt.24.1-51	51	research-pending		
Matt.25.1-46	46	research-pending		
Matt.26.1-75	75	research-pending		
Matt.27.1-66	66	research-pending		
Matt.28.1-20	20	research-pending		
Mark.1.1-45	45	research-pending		
Mark.2.1-28	28	research-pending		
Mark.3.1-35	35	research-pending		
Mark.4.1-40	40	research-pending		
Mark.5.1-43	43	research-pending		
Mark.6.1-56	56	research-pending		
Mark.7.1-37	37	research-pending		
Mark.8.1-39	39	research-pending		
Mark.9.1-49	49	research-pending		
Mark.10.1-52	52	research-pending		
Mark.11.1-33	33	research-pending		
Mark.12.1-44	44	research-pending		
Mark.13.1-37	37	research-pending		
Mark.14.1-72	72	research-pending		
Mark.15.1-47	47	research-pending		
Mark.16.1-20	20	research-pending		
Luke.1.1-80	80	research-pending		
Luke.2.1-52	52	research-pending		
Luke.3.1-38	38	research-pending		
Luke.4.1-44	44	research-pending		
Luke.5.1-39	39	research-pending		
Luke.6.1-49	49	research-pending		
Luke.7.1-50	50	research-pending		
Luke.8.1-56	56	research-pending		
Luke.9.1-62	62	research-pending		
Luke.10.1-42	42	research-pending		
Luke.11.1-54	54	research-pending		
Luke.12.1-59	59	research-pending		
Luke.13.1-35	35	research-pending		
Luke.14.1-35	35	research-pending		
Luke.15.1-32	32	research-pending		
Luke.16.1-31	31	research-pending		
Luke.17.1-37	37	research-pending		
Luke.18.1-43	43	research-pending		
Luke.19.1-48	48	research-pending		
Luke.20.1-47	47	research-pending		
Luke.21.1-38	38	research-pending		
Luke.22.1-71	71	research-pending		
Luke.23.1-56	56	research-pending		
Luke.24.1-53	53	research-pending		
John.1.1-51	51	research-pending		
John.2.1-25	25	research-pending		
John.3.1-36	36	research-pending		
John.4.1-54	54	research-pending		
John.5.1-47	47	research-pending		
John.6.1-72	72	research-pending		
John.7.1-53	53	research-pending		
John.8.1-59	59	research-pending		
John.9.1-41	41	research-pending		
John.10.1-42	42	research-pending		
John.11.1-56	56	research-pending		
John.12.1-50	50	research-pending		
John.13.1-38	38	research-pending		
John.14.1-31	31	research-pending		
John.15.1-27	27	research-pending		
John.16.1-33	33	research-pending		
John.17.1-26	26	research-pending		
John.18.1-40	40	research-pending		
John.19.1-42	42	research-pending		
John.20.1-31	31	research-pending		
John.21.1-25	25	research-pending		
Acts.1.1-26	26	research-pending		
Acts.2.1-47	47	research-pending		
Acts.3.1-26	26	research-pending		
Acts.4.1-37	37	research-pending		
Acts.5.1-42	42	research-pending		
Acts.6.1-15	15	research-pending		
Acts.7.1-59	59	research-pending		
Acts.8.1-40	40	research-pending		
Acts.9.1-43	43	research-pending		
Acts.10.1-48	48	research-pending		
Acts.11.1-30	30	research-pending		
Acts.12.1-25	25	research-pending		
Acts.13.1-52	52	research-pending		
Acts.14.1-27	27	research-pending		
Acts.15.1-41	41	research-pending		
Acts.16.1-40	40	research-pending		
Acts.17.1-34	34	research-pending		
Acts.18.1-28	28	research-pending		
Acts.19.1-40	40	research-pending		
Acts.20.1-38	38	research-pending		
Acts.21.1-40	40	research-pending		
Acts.22.1-30	30	research-pending		
Acts.23.1-35	35	research-pending		
Acts.24.1-27	27	research-pending		
Acts.25.1-27	27	research-pending		
Acts.26.1-32	32	research-pending		
Acts.27.1-44	44	research-pending		
Acts.28.1-31	31	research-pending		
Rom.1.1-32	32	research-pending		
Rom.2.1-29	29	research-pending		
Rom.3.1-31	31	research-pending		
Rom.4.1-25	25	research-pending		
Rom.5.1-21	21	research-pending		
Rom.6.1-23	23	research-pending		
Rom.7.1-25	25	research-pending		
Rom.8.1-39	39	research-pending		
Rom.9.1-33	33	research-pending		
Rom.10.1-21	21	research-pending		
Rom.11.1-36	36	research-pending		
Rom.12.1-21	21	research-pending		
Rom.13.1-14	14	research-pending		
Rom.14.1-23	23	research-pending		
Rom.15.1-33	33	research-pending		
Rom.16.1-27	27	research-pending		
1Cor.1.1-31	31	research-pending		
1Cor.2.1-16	16	research-pending		
1Cor.3.1-23	23	research-pending		
1Cor.4.1-21	21	research-pending		
1Cor.5.1-13	13	research-pending		
1Cor.6.1-20	20	research-pending		
1Cor.7.1-40	40	research-pending		
1Cor.8.1-13	13	research-pending		
1Cor.9.1-27	27	research-pending		
1Cor.10.1-33	33	research-pending		
1Cor.11.1-34	34	research-pending		
1Cor.12.1-31	31	research-pending		
1Cor.13.1-13	13	research-pending		
1Cor.14.1-40	40	research-pending		
1Cor.15.1-58	58	research-pending		
1Cor.16.1-24	24	research-pending		
2Cor.1.1-23	23	research-pending		
2Cor.2.1-17	17	research-pending		
2Cor.3.1-18	18	research-pending		
2Cor.4.1-18	18	research-pending		
2Cor.5.1-21	21	research-pending		
2Cor.6.1-18	18	research-pending		
2Cor.7.1-16	16	research-pending		
2Cor.8.1-24	24	research-pending		
2Cor.9.1-15	15	research-pending		
2Cor.10.1-18	18	research-pending		
2Cor.11.1-33	33	research-pending		
2Cor.12.1-21	21	research-pending		
2Cor.13.1-13	13	research-pending		
Gal.1.1-24	24	research-pending		
Gal.2.1-21	21	research-pending		
Gal.3.1-29	29	research-pending		
Gal.4.1-31	31	research-pending		
Gal.5.1-26	26	research-pending		
Gal.6.1-18	18	research-pending		
Eph.1.1-23	23	research-pending		
Eph.2.1-22	22	research-pending		
Eph.3.1-21	21	research-pending		
Eph.4.1-32	32	research-pending		
Eph.5.1-33	33	research-pending		
Eph.6.1-24	24	research-pending		
Phil.1.1-30	30	research-pending		
Phil.2.1-30	30	research-pending		
Phil.3.1-21	21	research-pending		
Phil.4.1-23	23	research-pending		
Col.1.1-29	29	research-pending		
Col.2.1-23	23	research-pending		
Col.3.1-25	25	research-pending		
Col.4.1-18	18	research-pending		
1Thess.1.1-10	10	research-pending		
1Thess.2.1-20	20	research-pending		
1Thess.3.1-13	13	research-pending		
1Thess.4.1-18	18	research-pending		
1Thess.5.1-28	28	research-pending		
2Thess.1.1-12	12	research-pending		
2Thess.2.1-17	17	research-pending		
2Thess.3.1-18	18	research-pending		
1Tim.1.1-20	20	research-pending		
1Tim.2.1-15	15	research-pending		
1Tim.3.1-16	16	research-pending		
1Tim.4.1-16	16	research-pending		
1Tim.5.1-25	25	research-pending		
1Tim.6.1-21	21	research-pending		
2Tim.1.1-18	18	research-pending		
2Tim.2.1-26	26	research-pending		
2Tim.3.1-17	17	research-pending		
2Tim.4.1-22	22	research-pending		
Tit.1.1-16	16	research-pending		
Tit.2.1-15	15	research-pending		
Tit.3.1-15	15	research-pending		
Philem.1.1-25	25	research-pending		
Heb.1.1-14	14	research-pending		
Heb.2.1-18	18	research-pending		
Heb.3.1-19	19	research-pending		
Heb.4.1-16	16	research-pending		
Heb.5.1-14	14	research-pending		
Heb.6.1-20	20	research-pending		
Heb.7.1-28	28	research-pending		
Heb.8.1-13	13	research-pending		
Heb.9.1-28	28	research-pending		
Heb.10.1-39	39	research-pending		
Heb.11.1-40	40	research-pending		
Heb.12.1-29	29	research-pending		
Heb.13.1-25	25	research-pending		
James.1.1-27	27	research-pending		
James.2.1-26	26	research-pending		
James.3.1-18	18	research-pending		
James.4.1-17	17	research-pending		
James.5.1-20	20	research-pending		
1Pet.1.1-25	25	research-pending		
1Pet.2.1-25	25	research-pending		
1Pet.3.1-22	22	research-pending		
1Pet.4.1-19	19	research-pending		
1Pet.5.1-14	14	research-pending		
2Pet.1.1-21	21	research-pending		
2Pet.2.1-22	22	research-pending		
2Pet.3.1-18	18	research-pending		
1John.1.1-10	10	research-pending		
1John.2.1-29	29	research-pending		
1John.3.1-24	24	research-pending		
1John.4.1-21	21	research-pending		
1John.5.1-21	21	research-pending		
2John.1.1-13	13	research-pending		
3John.1.1-14	14	research-pending		
Jude.1.1-25	25	research-pending		
Apoc.1.1-20	20	research-pending		
Apoc.2.1-29	29	research-pending		
Apoc.3.1-22	22	research-pending		
Apoc.4.1-11	11	research-pending		
Apoc.5.1-14	14	research-pending		
Apoc.6.1-17	17	research-pending		
Apoc.7.1-17	17	research-pending		
Apoc.8.1-13	13	research-pending		
Apoc.9.1-21	21	research-pending		
Apoc.10.1-11	11	research-pending		
Apoc.11.1-19	19	research-pending		
Apoc.12.1-18	18	research-pending		
Apoc.13.1-18	18	research-pending		
Apoc.14.1-20	20	research-pending		
Apoc.15.1-8	8	research-pending		
Apoc.16.1-21	21	research-pending		
Apoc.17.1-18	18	research-pending		
Apoc.18.1-24	24	research-pending		
Apoc.19.1-21	21	research-pending		
Apoc.20.1-15	15	research-pending		
Apoc.21.1-27	27	research-pending		
Apoc.22.1-21	21	research-pending		
