ordinal	token	file	testament	douay_title	modern_name	missal_latin_abbreviation	alternate_names
1	Gen	01-genesis.tsv	old	The Book of Genesis	Genesis	Gen.	The Book of Genesis;Gen.;Gn
2	Ex	02-exodus.tsv	old	The Book of Exodus	Exodus	Exod.	The Book of Exodus;Exod.;Ex
3	Lev	03-leviticus.tsv	old	The Book of Leviticus	Leviticus	Levit.	The Book of Leviticus;Levit.;Lev
4	Num	04-numbers.tsv	old	The Book of Numbers	Numbers	Num.	The Book of Numbers;Num.;Nm
5	Deut	05-deuteronomy.tsv	old	The Book of Deuteronomy	Deuteronomy	Deut.	The Book of Deuteronomy;Deut.;Dt
6	Jos	06-josue.tsv	old	The Book of Josue	Joshua	Jos.	The Book of Josue;Jos.;Josue; Jos
7	Judg	07-judges.tsv	old	The Book of Judges	Judges	Judic.	The Book of Judges;Judic.;Jdg; Judg
8	Ruth	08-ruth.tsv	old	The Book of Ruth	Ruth	Ruth	The Book of Ruth;Ruth;Rt
9	1Kings	09-1-kings.tsv	old	The First Book of Samuel, otherwise called the First Book of Kings	1 Samuel	1 Reg.	The First Book of Samuel, otherwise called the First Book of Kings;1 Reg.;1 Kings; 1 Samuel; 1 Sm
10	2Kings	10-2-kings.tsv	old	The Second Book of Samuel, otherwise called the Second Book of Kings	2 Samuel	2 Reg.	The Second Book of Samuel, otherwise called the Second Book of Kings;2 Reg.;2 Kings; 2 Samuel; 2 Sm
11	3Kings	11-3-kings.tsv	old	The Third Book of Kings	1 Kings	3 Reg.	The Third Book of Kings;3 Reg.;3 Kings; 1 Kings (modern)
12	4Kings	12-4-kings.tsv	old	The Fourth Book of Kings	2 Kings	4 Reg.	The Fourth Book of Kings;4 Reg.;4 Kings; 2 Kings (modern)
13	1Par	13-1-paralipomenon.tsv	old	The First Book of Paralipomenon	1 Chronicles	1 Paral.	The First Book of Paralipomenon;1 Paral.;1 Paralipomenon; 1 Par
14	2Par	14-2-paralipomenon.tsv	old	The Second Book of Paralipomenon	2 Chronicles	2 Paral.	The Second Book of Paralipomenon;2 Paral.;2 Paralipomenon; 2 Par
15	1Esd	15-1-esdras.tsv	old	The First Book of Esdras	Ezra	1 Esdr.	The First Book of Esdras;1 Esdr.;1 Esdras; Esdras
16	2Esd	16-2-esdras.tsv	old	The Book of Nehemias, which is called the Second of Esdras	Nehemiah	2 Esdr.	The Book of Nehemias, which is called the Second of Esdras;2 Esdr.;2 Esdras; Nehemias; Neh
17	Tob	17-tobias.tsv	old	The Book of Tobias	Tobit	Tob.	The Book of Tobias;Tob.;Tobias; Tb
18	Jdt	18-judith.tsv	old	The Book of Judith	Judith	Judith	The Book of Judith;Judith;Jdt
19	Esth	19-esther.tsv	old	The Book of Esther	Esther	Esth.	The Book of Esther;Esth.;Est
20	Job	20-job.tsv	old	The Book of Job	Job	Job	The Book of Job;Job;Jb
21	Ps	21-psalms.tsv	old	The Book of Psalms	Psalms	Ps.	The Book of Psalms;Ps.;Psalmi; Pss
22	Prov	22-proverbs.tsv	old	The Book of Proverbs	Proverbs	Prov.	The Book of Proverbs;Prov.;Prv
23	Eccles	23-ecclesiastes.tsv	old	Ecclesiastes	Ecclesiastes	Eccle.	Ecclesiastes;Eccle.;Qoheleth; Eccl
24	Cant	24-canticle-of-canticles.tsv	old	Solomon’s Canticle of Canticles	Song of Songs	Cant.	Solomon’s Canticle of Canticles;Cant.;Canticle of Canticles; Song of Solomon; Sg
25	Wis	25-wisdom.tsv	old	The Book of Wisdom	Wisdom	Sap.	The Book of Wisdom;Sap.;Sapientia; Ws
26	Ecclus	26-ecclesiasticus.tsv	old	Ecclesiasticus	Sirach	Eccli.	Ecclesiasticus;Eccli.; Sir
27	Is	27-isaias.tsv	old	The Prophecy of Isaias	Isaiah	Is.	The Prophecy of Isaias;Is.;Isaias; Isa
28	Jer	28-jeremias.tsv	old	The Prophecy of Jeremias	Jeremiah	Jer.	The Prophecy of Jeremias;Jer.;Jeremias
29	Lam	29-lamentations.tsv	old	The Lamentations of Jeremias	Lamentations	Thren.	The Lamentations of Jeremias;Thren.;Threni; Lam
30	Bar	30-baruch.tsv	old	The Prophecy of Baruch	Baruch	Bar.	The Prophecy of Baruch;Bar.;Bar
31	Ezech	31-ezechiel.tsv	old	The Prophecy of Ezechiel	Ezekiel	Ezech.	The Prophecy of Ezechiel;Ezech.;Ezechiel; Ez
32	Dan	32-daniel.tsv	old	The Prophecy of Daniel	Daniel	Dan.	The Prophecy of Daniel;Dan.;Dn
33	Os	33-osee.tsv	old	The Prophecy of Osee	Hosea	Os.	The Prophecy of Osee;Os.;Osee; Hos
34	Joel	34-joel.tsv	old	The Prophecy of Joel	Joel	Joel	The Prophecy of Joel;Joel;Jl
35	Amos	35-amos.tsv	old	The Prophecy of Amos	Amos	Amos	The Prophecy of Amos;Amos;Am
36	Abd	36-abdias.tsv	old	The Prophecy of Abdias	Obadiah	Abd.	The Prophecy of Abdias;Abd.;Abdias; Ob
37	Jon	37-jonas.tsv	old	The Prophecy of Jonas	Jonah	Jonae	The Prophecy of Jonas;Jonae;Jonas; Jon
38	Mich	38-micheas.tsv	old	The Prophecy of Micheas	Micah	Mich.	The Prophecy of Micheas;Mich.;Micheas; Mic
39	Nah	39-nahum.tsv	old	The Prophecy of Nahum	Nahum	Nah.	The Prophecy of Nahum;Nah.;Na
40	Hab	40-habacuc.tsv	old	The Prophecy of Habacuc	Habakkuk	Hab.	The Prophecy of Habacuc;Hab.;Habacuc
41	Soph	41-sophonias.tsv	old	The Prophecy of Sophonias	Zephaniah	Soph.	The Prophecy of Sophonias;Soph.;Sophonias; Zep
42	Agg	42-aggeus.tsv	old	The Prophecy of Aggeus	Haggai	Agg.	The Prophecy of Aggeus;Agg.;Aggeus; Hag
43	Zach	43-zacharias.tsv	old	The Prophecy of Zacharias	Zechariah	Zach.	The Prophecy of Zacharias;Zach.;Zacharias; Zec
44	Mal	44-malachias.tsv	old	The Prophecy of Malachias	Malachi	Mal.	The Prophecy of Malachias;Mal.;Malachias
45	1Mach	45-1-machabees.tsv	old	The First Book of Machabees	1 Maccabees	1 Mach.	The First Book of Machabees;1 Mach.;1 Machabees; 1 Mc
46	2Mach	46-2-machabees.tsv	old	The Second Book of Machabees	2 Maccabees	2 Mach.	The Second Book of Machabees;2 Mach.;2 Machabees; 2 Mc
47	Matt	47-matthew.tsv	new	The Holy Gospel of Jesus Christ according to St. Matthew	Matthew	Matt.	The Holy Gospel of Jesus Christ according to St. Matthew;Matt.;Mt
48	Mark	48-mark.tsv	new	The Holy Gospel of Jesus Christ according to St. Mark	Mark	Marc.	The Holy Gospel of Jesus Christ according to St. Mark;Marc.;Mk
49	Luke	49-luke.tsv	new	The Holy Gospel of Jesus Christ according to St. Luke	Luke	Luc.	The Holy Gospel of Jesus Christ according to St. Luke;Luc.;Lk
50	John	50-john.tsv	new	The Holy Gospel of Jesus Christ according to St. John	John	Joan.	The Holy Gospel of Jesus Christ according to St. John;Joan.;Jn
51	Acts	51-acts.tsv	new	The Acts of the Apostles	Acts	Act.	The Acts of the Apostles;Act.;Acts of the Apostles
52	Rom	52-romans.tsv	new	The Epistle of St. Paul the Apostle to the Romans	Romans	Rom.	The Epistle of St. Paul the Apostle to the Romans;Rom.;Rm
53	1Cor	53-1-corinthians.tsv	new	The First Epistle of St. Paul to the Corinthians	1 Corinthians	1 Cor.	The First Epistle of St. Paul to the Corinthians;1 Cor.;1 Co
54	2Cor	54-2-corinthians.tsv	new	The Second Epistle of St. Paul to the Corinthians	2 Corinthians	2 Cor.	The Second Epistle of St. Paul to the Corinthians;2 Cor.;2 Co
55	Gal	55-galatians.tsv	new	The Epistle of St. Paul to the Galatians	Galatians	Gal.	The Epistle of St. Paul to the Galatians;Gal.;Ga
56	Eph	56-ephesians.tsv	new	The Epistle of St. Paul to the Ephesians	Ephesians	Ephes.	The Epistle of St. Paul to the Ephesians;Ephes.;Eph
57	Phil	57-philippians.tsv	new	The Epistle of St. Paul to the Philippians	Philippians	Philipp.	The Epistle of St. Paul to the Philippians;Philipp.;Php
58	Col	58-colossians.tsv	new	The Epistle of St. Paul to the Colossians	Colossians	Coloss.	The Epistle of St. Paul to the Colossians;Coloss.;Col
59	1Thess	59-1-thessalonians.tsv	new	The First Epistle of St. Paul to the Thessalonians	1 Thessalonians	1 Thess.	The First Epistle of St. Paul to the Thessalonians;1 Thess.;1 Th
60	2Thess	60-2-thessalonians.tsv	new	The Second Epistle of St. Paul to the Thessalonians	2 Thessalonians	2 Thess.	The Second Epistle of St. Paul to the Thessalonians;2 Thess.;2 Th
61	1Tim	61-1-timothy.tsv	new	The First Epistle of St. Paul to Timothy	1 Timothy	1 Tim.	The First Epistle of St. Paul to Timothy;1 Tim.;1 Tm
62	2Tim	62-2-timothy.tsv	new	The Second Epistle of St. Paul to Timothy	2 Timothy	2 Tim.	The Second Epistle of St. Paul to Timothy;2 Tim.;2 Tm
63	Tit	63-titus.tsv	new	The Epistle of St. Paul to Titus	Titus	Tit.	The Epistle of St. Paul to Titus;Tit.;Tt
64	Philem	64-philemon.tsv	new	The Epistle of St. Paul to Philemon	Philemon	Philem.	The Epistle of St. Paul to Philemon;Philem.;Phm
65	Heb	65-hebrews.tsv	new	The Epistle of St. Paul to the Hebrews	Hebrews	Hebr.	The Epistle of St. Paul to the Hebrews;Hebr.;Heb
66	James	66-james.tsv	new	The Catholic Epistle of St. James the Apostle	James	Jac.	The Catholic Epistle of St. James the Apostle;Jac.;Jas
67	1Pet	67-1-peter.tsv	new	The First Epistle of St. Peter the Apostle	1 Peter	1 Pet.	The First Epistle of St. Peter the Apostle;1 Pet.;1 P
68	2Pet	68-2-peter.tsv	new	The Second Epistle of St. Peter the Apostle	2 Peter	2 Pet.	The Second Epistle of St. Peter the Apostle;2 Pet.;2 P
69	1John	69-1-john.tsv	new	The First Epistle of St. John the Apostle	1 John	1 Joan.	The First Epistle of St. John the Apostle;1 Joan.;1 Jn
70	2John	70-2-john.tsv	new	The Second Epistle of St. John the Apostle	2 John	2 Joan.	The Second Epistle of St. John the Apostle;2 Joan.;2 Jn
71	3John	71-3-john.tsv	new	The Third Epistle of St. John the Apostle	3 John	3 Joan.	The Third Epistle of St. John the Apostle;3 Joan.;3 Jn
72	Jude	72-jude.tsv	new	The Catholic Epistle of St. Jude the Apostle	Jude	Judae	The Catholic Epistle of St. Jude the Apostle;Judae;Jud
73	Apoc	73-apocalypse.tsv	new	The Apocalypse of St. John the Apostle	Revelation	Apoc.	The Apocalypse of St. John the Apostle;Apoc.;Apocalypse; Rv
