hymn	latin_incipit	printed_page	ia_leaf	stanza	line	english
victimae-paschali	Victimae Paschali laudes	233	270	1	1	Forth to the paschal Victim, Christians, bring
victimae-paschali	Victimae Paschali laudes	233	270	1	2	Your sacrifice of praise:
victimae-paschali	Victimae Paschali laudes	233	270	2	1	The Lamb redeems the sheep;
victimae-paschali	Victimae Paschali laudes	233	270	2	2	And Christ, the Sinless One,
victimae-paschali	Victimae Paschali laudes	233	270	2	3	Hath to the Father sinners reconcil’d.
victimae-paschali	Victimae Paschali laudes	234	271	3	1	Together, Death and Life
victimae-paschali	Victimae Paschali laudes	234	271	3	2	In a strange conflict strove;
victimae-paschali	Victimae Paschali laudes	234	271	3	3	The Prince of Life, who died,
victimae-paschali	Victimae Paschali laudes	234	271	3	4	Now lives and reigns.
victimae-paschali	Victimae Paschali laudes	234	271	4	1	What thou sawest, Mary, say,
victimae-paschali	Victimae Paschali laudes	234	271	4	2	As thou wentest on the way.
victimae-paschali	Victimae Paschali laudes	234	271	5	1	I saw the tomb wherein the Living One had lain;
victimae-paschali	Victimae Paschali laudes	234	271	5	2	I saw his glory as He rose again;
victimae-paschali	Victimae Paschali laudes	234	271	5	3	Napkin and linen clothes, and Angels twain:
victimae-paschali	Victimae Paschali laudes	234	271	5	4	Yea, Christ is risen, my hope, and He
victimae-paschali	Victimae Paschali laudes	234	271	5	5	Will go before you into Galilee.
victimae-paschali	Victimae Paschali laudes	234	271	6	1	We know that Christ indeed has risen from the grave:
victimae-paschali	Victimae Paschali laudes	234	271	6	2	Hail, thou King of Victory!
victimae-paschali	Victimae Paschali laudes	234	271	6	3	Have mercy, Lord, and save.
veni-sancte-spiritus	Veni Sancte Spiritus	234	271	1	1	Holy Spirit! Lord of light!
veni-sancte-spiritus	Veni Sancte Spiritus	234	271	1	2	From thy clear celestial height,
veni-sancte-spiritus	Veni Sancte Spiritus	234	271	1	3	Thy pure beaming radiance give:
veni-sancte-spiritus	Veni Sancte Spiritus	235	272	2	1	Come, Thou Father of the poor!
veni-sancte-spiritus	Veni Sancte Spiritus	235	272	2	2	Come, with treasures which endure!
veni-sancte-spiritus	Veni Sancte Spiritus	235	272	2	3	Come, Thou Light of all that live!
veni-sancte-spiritus	Veni Sancte Spiritus	235	272	3	1	Thou, of all consolers best,
veni-sancte-spiritus	Veni Sancte Spiritus	235	272	3	2	Visiting the troubled breast,
veni-sancte-spiritus	Veni Sancte Spiritus	235	272	3	3	Dost refreshing peace bestow;
veni-sancte-spiritus	Veni Sancte Spiritus	235	272	4	1	Thou in toil art comfort sweet;
veni-sancte-spiritus	Veni Sancte Spiritus	235	272	4	2	Pleasant coolness in the heat;
veni-sancte-spiritus	Veni Sancte Spiritus	235	272	4	3	Solace in the midst of woe.
veni-sancte-spiritus	Veni Sancte Spiritus	235	272	5	1	Light immortal! light divine!
veni-sancte-spiritus	Veni Sancte Spiritus	235	272	5	2	Visit Thou these hearts of thine,
veni-sancte-spiritus	Veni Sancte Spiritus	235	272	5	3	And our inmost being fill:
veni-sancte-spiritus	Veni Sancte Spiritus	235	272	6	1	If Thou take thy grace away,
veni-sancte-spiritus	Veni Sancte Spiritus	235	272	6	2	Nothing pure in man will stay;
veni-sancte-spiritus	Veni Sancte Spiritus	235	272	6	3	All his good is turn’d to ill.
veni-sancte-spiritus	Veni Sancte Spiritus	235	272	7	1	Heal our wounds — our strength renew;
veni-sancte-spiritus	Veni Sancte Spiritus	235	272	7	2	On our dryness pour thy dew;
veni-sancte-spiritus	Veni Sancte Spiritus	235	272	7	3	Wash the stains of guilt away:
veni-sancte-spiritus	Veni Sancte Spiritus	236	273	8	1	Bend the stubborn heart and will;
veni-sancte-spiritus	Veni Sancte Spiritus	236	273	8	2	Melt the frozen, warm the chill;
veni-sancte-spiritus	Veni Sancte Spiritus	236	273	8	3	Guide the steps that go astray.
veni-sancte-spiritus	Veni Sancte Spiritus	236	273	9	1	Thou, on those who evermore
veni-sancte-spiritus	Veni Sancte Spiritus	236	273	9	2	Thee confess and Thee adore,
veni-sancte-spiritus	Veni Sancte Spiritus	236	273	9	3	In thy sevenfold gifts, descend:
veni-sancte-spiritus	Veni Sancte Spiritus	236	273	10	1	Give them comfort when they die;
veni-sancte-spiritus	Veni Sancte Spiritus	236	273	10	2	Give them life with Thee on high;
veni-sancte-spiritus	Veni Sancte Spiritus	236	273	10	3	Give them joys which never end.
lauda-sion	Lauda Sion Salvatorem	236	273	1	1	Sion, lift thy voice, and sing;
lauda-sion	Lauda Sion Salvatorem	236	273	1	2	Praise thy Saviour and thy King;
lauda-sion	Lauda Sion Salvatorem	236	273	1	3	Praise with hymns thy Shepherd true:
lauda-sion	Lauda Sion Salvatorem	236	273	1	4	Strive thy best to praise Him well;
lauda-sion	Lauda Sion Salvatorem	236	273	1	5	Yet doth He all praise excel;
lauda-sion	Lauda Sion Salvatorem	236	273	1	6	None can ever reach His due.
lauda-sion	Lauda Sion Salvatorem	237	274	2	1	See to-day before us laid
lauda-sion	Lauda Sion Salvatorem	237	274	2	2	The living and life-giving Bread!
lauda-sion	Lauda Sion Salvatorem	237	274	2	3	Theme for praise and joy profound!
lauda-sion	Lauda Sion Salvatorem	237	274	2	4	The same which at the sacred board
lauda-sion	Lauda Sion Salvatorem	237	274	2	5	Was, by our Incarnate Lord,
lauda-sion	Lauda Sion Salvatorem	237	274	2	6	Giv’n to his Apostles round.
lauda-sion	Lauda Sion Salvatorem	237	274	3	1	Let the praise be loud and high;
lauda-sion	Lauda Sion Salvatorem	237	274	3	2	Sweet and tranquil be the joy
lauda-sion	Lauda Sion Salvatorem	237	274	3	3	Felt to-day in every breast;
lauda-sion	Lauda Sion Salvatorem	237	274	3	4	On this Festival divine,
lauda-sion	Lauda Sion Salvatorem	237	274	3	5	Which records the origin
lauda-sion	Lauda Sion Salvatorem	237	274	3	6	Of the glorious Eucharist.
lauda-sion	Lauda Sion Salvatorem	237	274	4	1	On this Table of the King,
lauda-sion	Lauda Sion Salvatorem	237	274	4	2	Our new Paschal offering
lauda-sion	Lauda Sion Salvatorem	237	274	4	3	Brings to end the olden rite;
lauda-sion	Lauda Sion Salvatorem	237	274	4	4	Here, for empty shadows fled,
lauda-sion	Lauda Sion Salvatorem	237	274	4	5	Is Reality instead;
lauda-sion	Lauda Sion Salvatorem	237	274	4	6	Here, instead of darkness, Light.
lauda-sion	Lauda Sion Salvatorem	238	275	5	1	His own act, at supper seated,
lauda-sion	Lauda Sion Salvatorem	238	275	5	2	Christ ordain’d to be repeated,
lauda-sion	Lauda Sion Salvatorem	238	275	5	3	In His Memory divine;
lauda-sion	Lauda Sion Salvatorem	238	275	5	4	Wherefore now, with adoration,
lauda-sion	Lauda Sion Salvatorem	238	275	5	5	We the Host of our salvation
lauda-sion	Lauda Sion Salvatorem	238	275	5	6	Consecrate from bread and wine.
lauda-sion	Lauda Sion Salvatorem	238	275	6	1	Hear what holy Church maintaineth,
lauda-sion	Lauda Sion Salvatorem	238	275	6	2	That the bread its substance changeth
lauda-sion	Lauda Sion Salvatorem	238	275	6	3	Into Flesh, the wine to Blood.
lauda-sion	Lauda Sion Salvatorem	238	275	6	4	Doth it pass thy comprehending?
lauda-sion	Lauda Sion Salvatorem	238	275	6	5	Faith, the law of sight transcending,
lauda-sion	Lauda Sion Salvatorem	238	275	6	6	Leaps to things not understood.
lauda-sion	Lauda Sion Salvatorem	238	275	7	1	Here, beneath these signs, are hidden
lauda-sion	Lauda Sion Salvatorem	238	275	7	2	Priceless things, to sense forbidden;
lauda-sion	Lauda Sion Salvatorem	238	275	7	3	Signs, not things, are all we see;—
lauda-sion	Lauda Sion Salvatorem	238	275	7	4	Flesh from bread, and Blood from wine;
lauda-sion	Lauda Sion Salvatorem	238	275	7	5	Yet is Christ, in either sign,
lauda-sion	Lauda Sion Salvatorem	238	275	7	6	All entire, confess’d to be.
lauda-sion	Lauda Sion Salvatorem	239	276	8	1	They too, who of Him partake,
lauda-sion	Lauda Sion Salvatorem	239	276	8	2	Sever not, nor rend, nor break,
lauda-sion	Lauda Sion Salvatorem	239	276	8	3	But entire, their Lord receive.
lauda-sion	Lauda Sion Salvatorem	239	276	8	4	Whether one or thousands eat,
lauda-sion	Lauda Sion Salvatorem	239	276	8	5	All receive the self-same meat,
lauda-sion	Lauda Sion Salvatorem	239	276	8	6	Nor the less for others leave.
lauda-sion	Lauda Sion Salvatorem	239	276	9	1	Both the wicked and the good
lauda-sion	Lauda Sion Salvatorem	239	276	9	2	Eat of this celestial Food;
lauda-sion	Lauda Sion Salvatorem	239	276	9	3	But with ends how opposite!
lauda-sion	Lauda Sion Salvatorem	239	276	9	4	Here ’tis life; and there ’tis death;
lauda-sion	Lauda Sion Salvatorem	239	276	9	5	The same, yet issuing to each
lauda-sion	Lauda Sion Salvatorem	239	276	9	6	In a difference infinite.
lauda-sion	Lauda Sion Salvatorem	239	276	10	1	Nor a single doubt retain,
lauda-sion	Lauda Sion Salvatorem	239	276	10	2	When they break the Host in twain,
lauda-sion	Lauda Sion Salvatorem	239	276	10	3	But that in each part remains
lauda-sion	Lauda Sion Salvatorem	239	276	10	4	What was in the whole before;
lauda-sion	Lauda Sion Salvatorem	239	276	10	5	Since the simple sign alone
lauda-sion	Lauda Sion Salvatorem	239	276	10	6	Suffers change in state or form,
lauda-sion	Lauda Sion Salvatorem	239	276	10	7	The Signified remaining One
lauda-sion	Lauda Sion Salvatorem	239	276	10	8	And the Same for evermore.
lauda-sion	Lauda Sion Salvatorem	240	277	11	1	Lo! upon the Altar lies,
lauda-sion	Lauda Sion Salvatorem	240	277	11	2	Hidden deep from human eyes,
lauda-sion	Lauda Sion Salvatorem	240	277	11	3	Bread of Angels from the skies,
lauda-sion	Lauda Sion Salvatorem	240	277	11	4	Made the food of mortal man:
lauda-sion	Lauda Sion Salvatorem	240	277	11	5	Children’s meat to dogs denied;
lauda-sion	Lauda Sion Salvatorem	240	277	11	6	In old types foresignified;
lauda-sion	Lauda Sion Salvatorem	240	277	11	7	In the manna Heav’n-supplied,
lauda-sion	Lauda Sion Salvatorem	240	277	11	8	Isaac, and the Paschal Lamb.
lauda-sion	Lauda Sion Salvatorem	240	277	12	1	Jesu! Shepherd of the sheep!
lauda-sion	Lauda Sion Salvatorem	240	277	12	2	Thou thy flock in safety keep.
lauda-sion	Lauda Sion Salvatorem	240	277	12	3	Living Bread! thy life supply;
lauda-sion	Lauda Sion Salvatorem	240	277	12	4	Strengthen us, or else we die;
lauda-sion	Lauda Sion Salvatorem	240	277	12	5	Fill us with celestial grace:
lauda-sion	Lauda Sion Salvatorem	240	277	12	6	Thou, who feedest us below!
lauda-sion	Lauda Sion Salvatorem	240	277	12	7	Source of all we have or know!
lauda-sion	Lauda Sion Salvatorem	240	277	12	8	Grant that with thy Saints above,
lauda-sion	Lauda Sion Salvatorem	240	277	12	9	Sitting at the feast of love,
lauda-sion	Lauda Sion Salvatorem	240	277	12	10	We may see Thee face to face.
dies-irae	Dies irae dies illa	241	278	1	1	Nigher still, and still more nigh
dies-irae	Dies irae dies illa	241	278	1	2	Draws the Day of Prophecy,
dies-irae	Dies irae dies illa	241	278	1	3	Doom’d to melt the earth and sky.
dies-irae	Dies irae dies illa	241	278	2	1	Oh, what trembling there shall be,
dies-irae	Dies irae dies illa	241	278	2	2	When the world its Judge shall see,
dies-irae	Dies irae dies illa	241	278	2	3	Coming in dread majesty!
dies-irae	Dies irae dies illa	241	278	3	1	Hark! the trump, with thrilling tone,
dies-irae	Dies irae dies illa	241	278	3	2	From sepulchral regions lone,
dies-irae	Dies irae dies illa	241	278	3	3	Summons all before the throne:
dies-irae	Dies irae dies illa	241	278	4	1	Time and Death it doth appal,
dies-irae	Dies irae dies illa	241	278	4	2	To see the buried ages all
dies-irae	Dies irae dies illa	241	278	4	3	Rise to answer at the call.
dies-irae	Dies irae dies illa	242	279	5	1	Now the books are open spread;
dies-irae	Dies irae dies illa	242	279	5	2	Now the writing must be read,
dies-irae	Dies irae dies illa	242	279	5	3	Which condemns the quick and dead:
dies-irae	Dies irae dies illa	242	279	6	1	Now, before the Judge severe
dies-irae	Dies irae dies illa	242	279	6	2	Hidden things must all appear;
dies-irae	Dies irae dies illa	242	279	6	3	Nought can pass unpunish’d here.
dies-irae	Dies irae dies illa	242	279	7	1	What shall guilty I then plead?
dies-irae	Dies irae dies illa	242	279	7	2	Who for me will intercede,
dies-irae	Dies irae dies illa	242	279	7	3	When the Saints shall comfort need?
dies-irae	Dies irae dies illa	242	279	8	1	King of dreadful Majesty!
dies-irae	Dies irae dies illa	242	279	8	2	Who dost freely justify!
dies-irae	Dies irae dies illa	242	279	8	3	Fount of Pity, save Thou me!
dies-irae	Dies irae dies illa	242	279	9	1	Recollect, O Love divine!
dies-irae	Dies irae dies illa	242	279	9	2	’Twas for this lost sheep of thine
dies-irae	Dies irae dies illa	242	279	9	3	Thou thy glory didst resign:
dies-irae	Dies irae dies illa	242	279	10	1	Satest wearied seeking me;
dies-irae	Dies irae dies illa	242	279	10	2	Sufferedst upon the Tree:
dies-irae	Dies irae dies illa	242	279	10	3	Let not vain thy labour be.
dies-irae	Dies irae dies illa	243	280	11	1	Judge of Justice, hear my prayer!
dies-irae	Dies irae dies illa	243	280	11	2	Spare me, Lord, in mercy spare!
dies-irae	Dies irae dies illa	243	280	11	3	Ere the Reckoning-day appear.
dies-irae	Dies irae dies illa	243	280	12	1	Lo! thy gracious face I seek;
dies-irae	Dies irae dies illa	243	280	12	2	Shame and grief are on my cheek;
dies-irae	Dies irae dies illa	243	280	12	3	Sighs and tears my sorrow speak.
dies-irae	Dies irae dies illa	243	280	13	1	Thou didst Mary’s guilt forgive;
dies-irae	Dies irae dies illa	243	280	13	2	Didst the dying thief receive;
dies-irae	Dies irae dies illa	243	280	13	3	Hence doth hope within me live.
dies-irae	Dies irae dies illa	243	280	14	1	Worthless are my prayers, I know;
dies-irae	Dies irae dies illa	243	280	14	2	Yet, oh, cause me not to go
dies-irae	Dies irae dies illa	243	280	14	3	Into everlasting woe.
dies-irae	Dies irae dies illa	243	280	15	1	Sever’d from the guilty band,
dies-irae	Dies irae dies illa	243	280	15	2	Make me with thy sheep to stand,
dies-irae	Dies irae dies illa	243	280	15	3	Placing me on thy right hand.
dies-irae	Dies irae dies illa	243	280	16	1	When the curs’d in anguish flee
dies-irae	Dies irae dies illa	243	280	16	2	Into flames of misery;
dies-irae	Dies irae dies illa	243	280	16	3	With the Blest then call Thou me.
dies-irae	Dies irae dies illa	244	281	17	1	Suppliant in the dust I lie;
dies-irae	Dies irae dies illa	244	281	17	2	My heart a cinder, crush’d and dry;
dies-irae	Dies irae dies illa	244	281	17	3	Help me, Lord, when death is nigh!
dies-irae	Dies irae dies illa	244	281	18	1	Full of tears, and full of dread,
dies-irae	Dies irae dies illa	244	281	18	2	Is the day that wakes the dead,
dies-irae	Dies irae dies illa	244	281	18	3	Calling all, with solemn blast,
dies-irae	Dies irae dies illa	244	281	18	4	From the ashes of the past.
dies-irae	Dies irae dies illa	244	281	19	1	Lord of mercy! Jesu blest!
dies-irae	Dies irae dies illa	244	281	19	2	Grant the Faithful light and rest.
stabat-mater	Stabat Mater dolorosa	138	175	1	1	At the Cross her station keeping,
stabat-mater	Stabat Mater dolorosa	138	175	1	2	Stood the mournful Mother weeping,
stabat-mater	Stabat Mater dolorosa	138	175	1	3	Close to Jesus to the last:
stabat-mater	Stabat Mater dolorosa	139	176	1	4	Through her heart, his sorrow sharing,
stabat-mater	Stabat Mater dolorosa	139	176	1	5	All his bitter anguish bearing,
stabat-mater	Stabat Mater dolorosa	139	176	1	6	Now at length the sword had pass’d.
stabat-mater	Stabat Mater dolorosa	139	176	2	1	Oh, how sad and sore distress’d
stabat-mater	Stabat Mater dolorosa	139	176	2	2	Was that Mother highly blest
stabat-mater	Stabat Mater dolorosa	139	176	2	3	Of the sole-begotten One!
stabat-mater	Stabat Mater dolorosa	139	176	2	4	Christ above in torment hangs;
stabat-mater	Stabat Mater dolorosa	139	176	2	5	She beneath beholds the pangs
stabat-mater	Stabat Mater dolorosa	139	176	2	6	Of her dying glorious Son.
stabat-mater	Stabat Mater dolorosa	139	176	3	1	Is there one who would not weep,
stabat-mater	Stabat Mater dolorosa	139	176	3	2	Whelm’d in miseries so deep
stabat-mater	Stabat Mater dolorosa	139	176	3	3	Christ’s dear Mother to behold?
stabat-mater	Stabat Mater dolorosa	139	176	3	4	Can the human heart refrain
stabat-mater	Stabat Mater dolorosa	139	176	3	5	From partaking in her pain,
stabat-mater	Stabat Mater dolorosa	139	176	3	6	In that Mother’s pain untold?
stabat-mater	Stabat Mater dolorosa	139	176	4	1	Bruis’d, derided, curs’d, defil’d,
stabat-mater	Stabat Mater dolorosa	139	176	4	2	She beheld her tender Child
stabat-mater	Stabat Mater dolorosa	139	176	4	3	All with bloody scourges rent;
stabat-mater	Stabat Mater dolorosa	140	177	4	4	For the sins of his own nation,
stabat-mater	Stabat Mater dolorosa	140	177	4	5	Saw Him hang in desolation,
stabat-mater	Stabat Mater dolorosa	140	177	4	6	Till his Spirit forth He sent.
stabat-mater	Stabat Mater dolorosa	140	177	5	1	O thou Mother! fount of love!
stabat-mater	Stabat Mater dolorosa	140	177	5	2	Touch my spirit from above,
stabat-mater	Stabat Mater dolorosa	140	177	5	3	Make my heart with thine accord:
stabat-mater	Stabat Mater dolorosa	140	177	5	4	Make me feel as thou hast felt;
stabat-mater	Stabat Mater dolorosa	140	177	5	5	Make my soul to glow and melt
stabat-mater	Stabat Mater dolorosa	140	177	5	6	With the love of Christ my Lord.
stabat-mater	Stabat Mater dolorosa	140	177	6	1	Holy Mother! pierce me through;
stabat-mater	Stabat Mater dolorosa	140	177	6	2	In my heart each wound renew
stabat-mater	Stabat Mater dolorosa	140	177	6	3	Of my Saviour crucified:
stabat-mater	Stabat Mater dolorosa	140	177	6	4	Let me share with thee His pain,
stabat-mater	Stabat Mater dolorosa	140	177	6	5	Who for all my sins was slain,
stabat-mater	Stabat Mater dolorosa	140	177	6	6	Who for me in torments died.
stabat-mater	Stabat Mater dolorosa	141	178	7	1	Let me mingle tears with thee,
stabat-mater	Stabat Mater dolorosa	141	178	7	2	Mourning Him who mourn’d for me,
stabat-mater	Stabat Mater dolorosa	141	178	7	3	All the days that I may live:
stabat-mater	Stabat Mater dolorosa	141	178	7	4	By the Cross with thee to stay;
stabat-mater	Stabat Mater dolorosa	141	178	7	5	There with thee to weep and pray;
stabat-mater	Stabat Mater dolorosa	141	178	7	6	Is all I ask of thee to give.
stabat-mater	Stabat Mater dolorosa	141	178	8	1	Virgin of all virgins best!
stabat-mater	Stabat Mater dolorosa	141	178	8	2	Listen to my fond request:
stabat-mater	Stabat Mater dolorosa	141	178	8	3	Let me share thy grief divine;
stabat-mater	Stabat Mater dolorosa	141	178	8	4	Let me, to my latest breath,
stabat-mater	Stabat Mater dolorosa	141	178	8	5	In my body bear the death
stabat-mater	Stabat Mater dolorosa	141	178	8	6	Of that dying Son of thine.
stabat-mater	Stabat Mater dolorosa	141	178	9	1	Wounded with his every wound,
stabat-mater	Stabat Mater dolorosa	141	178	9	2	Steep my soul till it hath swoon’d
stabat-mater	Stabat Mater dolorosa	141	178	9	3	In his very blood away;
stabat-mater	Stabat Mater dolorosa	142	179	9	4	Be to me, O Virgin, nigh,
stabat-mater	Stabat Mater dolorosa	142	179	9	5	Lest in flames I burn and die,
stabat-mater	Stabat Mater dolorosa	142	179	9	6	In his awful Judgment day.
stabat-mater	Stabat Mater dolorosa	142	179	10	1	Christ, when Thou shalt call me hence,
stabat-mater	Stabat Mater dolorosa	142	179	10	2	Be thy Mother my defence,
stabat-mater	Stabat Mater dolorosa	142	179	10	3	Be thy Cross my victory;
stabat-mater	Stabat Mater dolorosa	142	179	10	4	While my body here decays,
stabat-mater	Stabat Mater dolorosa	142	179	10	5	May my soul thy goodness praise,
stabat-mater	Stabat Mater dolorosa	142	179	10	6	Safe in Paradise with Thee.
